<?xml version="1.0" encoding="UTF-8"?>
<metadata xml:lang="en"><Esri><CreaDate>20121109</CreaDate><CreaTime>12112000</CreaTime><ArcGISFormat>1.0</ArcGISFormat><ArcGISstyle>XTools Pro Metadata</ArcGISstyle><SyncOnce>TRUE</SyncOnce><DataProperties><lineage><Process ToolSource="c:\program files (x86)\arcgis\desktop10.0\ArcToolbox\Toolboxes\Conversion Tools.tbx\RasterToPolygon" Date="20121109" Time="121120">RasterToPolygon Aug_Den D:\ShipMaps\Arctic\Dens\aug_den.shp SIMPLIFY VALUE</Process></lineage></DataProperties></Esri></metadata>
